<?xml version="1.0" encoding="UTF-8"?>
<!DOCTYPE configuration
        PUBLIC "-//mybatis.org//DTA Config 3.0//EN"
        "http://mybatis.org/dtd/mybatis-3-config.dtd">
<configuration>
    <!--settings 控制mybatis全局行为-->
    <settings>
        <!--设置mybatis输出日志-->
        <setting name="logImpl" value="STDOUT_LOGGING" />
    </settings>

    <!--设置别名-->
    <typeAliases>
        <!--name 实体类所在的包名-->
        <package name="com.sino.domain"/>
    </typeAliases>

    <!--sql mapper(sql映射文件)的位置-->
    <mappers>
        <!--
            name:包名。这个包中的所有mapper.xml一次都能加载
        -->
        <package name="com.sino.dao"/>
    </mappers>
</configuration>