<application>
  <component name="ProjectManager">
    <defaultProject>
      <component name="DefaultGradleProjectSettings">
        <option name="isMigrated" value="true" />
      </component>
      <component name="Encoding" defaultCharsetForPropertiesFiles="UTF-8">
        <file url="PROJECT" charset="UTF-8" />
      </component>
      <component name="GradleLocalSettings">
        <option name="projectSyncType">
          <map>
            <entry key="D:/study/code/java_proj" value="PREVIEW" />
            <entry key="D:/work/商旅通B+测试/BplusTestProject" value="PREVIEW" />
          </map>
        </option>
      </component>
      <component name="PropertiesComponent">
        <property name="nodejs_interpreter_path.stuck_in_default_project" value="undefined stuck path" />
        <property name="nodejs_npm_path_reset_for_default_project" value="true" />
        <property name="settings.editor.selected.configurable" value="editor.preferences.appearance" />
      </component>
      <component name="RunDashboard">
        <option name="ruleStates">
          <list>
            <RuleState>
              <option name="name" value="ConfigurationTypeDashboardGroupingRule" />
            </RuleState>
            <RuleState>
              <option name="name" value="StatusDashboardGroupingRule" />
            </RuleState>
          </list>
        </option>
      </component>
      <component name="masterDetails">
        <states>
          <state key="ProjectJDKs.UI">
            <settings>
              <last-edited>1.8</last-edited>
              <splitter-proportions>
                <option name="proportions">
                  <list>
                    <option value="0.2" />
                  </list>
                </option>
              </splitter-proportions>
            </settings>
          </state>
        </states>
      </component>
    </defaultProject>
  </component>
</application>